{
  "version": 1,
  "author": "Alparslan Bozkurt",
  "editor": "wokwi",
  "parts": [
    { "type": "wokwi-arduino-uno", "id": "uno", "top": -143.4, "left": -10.2, "attrs": {} },
    {
      "type": "board-ssd1306",
      "id": "oled1",
      "top": 89.54,
      "left": 96.23,
      "attrs": { "i2cAddress": "0x3c" }
    },
    {
      "type": "wokwi-pushbutton",
      "id": "btn1",
      "top": -224.2,
      "left": 144,
      "attrs": { "color": "blue" }
    },
    {
      "type": "wokwi-pushbutton",
      "id": "btn2",
      "top": 102.2,
      "left": -86.4,
      "attrs": { "color": "red" }
    },
    {
      "type": "wokwi-slide-potentiometer",
      "id": "pot1",
      "top": 24.2,
      "left": 306.2,
      "attrs": { "travelLength": "30" }
    }
  ],
  "connections": [
    [ "oled1:VCC", "uno:5V", "red", [ "v0" ] ],
    [ "oled1:GND", "uno:GND.3", "black", [ "v0" ] ],
    [ "oled1:SCL", "uno:A5", "green", [ "v0" ] ],
    [ "oled1:SDA", "uno:A4", "green", [ "v0" ] ],
    [ "btn1:1.r", "uno:2", "green", [ "v0" ] ],
    [ "btn1:2.l", "uno:GND.1", "green", [ "h0" ] ],
    [ "btn2:2.l", "uno:GND.1", "green", [ "v-47.8", "h191.7" ] ],
    [ "btn2:1.r", "uno:8", "white", [ "v0" ] ],
    [ "pot1:GND", "uno:GND.2", "black", [ "v0" ] ],
    [ "pot1:SIG", "uno:A0", "green", [ "h0" ] ],
    [ "pot1:VCC", "uno:5V", "red", [ "h0" ] ]
  ],
  "dependencies": {}
}